{"cameraMode":{"drawMode":0,"name":"Shaded","section":"Shading Mode"},"sceneLighting":true,"audioPlay":false,"sceneViewState":{"showFog":true,"showMaterialUpdate":false,"showSkybox":true,"showFlares":true,"showImageEffects":true,"showParticleSystems":true},"in2DMode":false,"pivot":{"x":-18.469999313354493,"y":1.0099999904632569,"z":16.5},"rotation":{"x":0.17547765374183656,"y":-0.008860335685312748,"z":0.0015801014378666878,"w":0.9844444394111633},"size":6.337043762207031,"orthographic":false}