{"cameraMode":{"drawMode":0,"name":"Shaded","section":"Shading Mode"},"sceneLighting":true,"audioPlay":false,"sceneViewState":{"showFog":true,"showMaterialUpdate":false,"showSkybox":false,"showFlares":true,"showImageEffects":true,"showParticleSystems":true},"in2DMode":false,"pivot":{"x":0.09754140675067902,"y":2.30224609375,"z":0.6357502937316895},"rotation":{"x":-0.028595011681318284,"y":0.9585523009300232,"z":-0.10392805188894272,"w":-0.2637398838996887},"size":3.0474932193756105,"orthographic":true}